"cpv3","preco_total","count","mean","std","min","q1","q2","q3","max"
"641","6700942.855781251",57,"117560.40097861843","179755.15111345242","1575","10639.2","60000","165892.2","885500"
"718","96425",2,"48212.5","13735.549224548686","38500","43356.25","48212.5","53068.75","57925"
"805","15894152.76790161",185,"85914.33928595466","122469.91643935765","0","10494","34815","106942.5","743040"
"435","24700",1,"24700","NaN","24700","24700","24700","24700","24700"
"660","11329849.580078127",60,"188830.82633463544","198886.93250322383","0","46768.86546875","123580.6046875","267946.875","979997.0625"
"631","3011526.6696875",20,"150576.333484375","171785.63491331867","8105","68031.3625","90075","170349","748000.01"
"313","6608827.1825",11,"600802.4711363637","1171130.7785031311","1035","5934.55","34777.47","274669.90625","3255657.75"
"151","31429671.71559082",687,"45749.158246857085","211404.78214538118","16.5","6714.945","21981.419921875","49132.17578125","5192640.68"
"712","64411929.33333985",832,"77418.18429487963","153184.53355766356","0","17473.61767578125","39157.5","88850.625","2879947.15"
"393","13907799.23760254",155,"89727.73701679058","175362.7536951399","441.3999938964844","10730.2","40000","102881.9840625","1795000"
"160","11723619.418691406",52,"225454.21959021935","354565.9690098173","0","31800","104328.785","220352.75","2066874"
"900","26773147.09175781",159,"168384.57290413717","229018.03948726592","1700","38177.15","83980","203623.735","1418715.375"
"157","5125436.104794921",78,"65710.71929224257","87617.4307726389","948","9591.91","39646.5","95449.529296875","521364.06"
"716","29507260.406464845",254,"116170.31656088521","208539.13238433766","0","35016.3","78040.575","129997.85","2213952"
"140","477800",2,"238900","3676.9552621700473","236300","237600","238900","240200","241500"
"422","1002073.7503124999",18,"55670.763906249995","54905.11540912799","885","18627.4575","43541.8046875","73476.720703125","195788"
"512","7496403.2524999995",28,"267728.6875892857","288239.0564644816","0","60271.58","185305.70500000002","470365.953125","1266600"
"380","14565312.212011717",314,"46386.34462424114","84011.55516589218","0","3561.4000244140625","11448.5","50302.075","659080"
"806","18981.669921875",1,"18981.669921875","NaN","18981.669921875","18981.669921875","18981.669921875","18981.669921875","18981.669921875"
"342","5227771.886875",35,"149364.9110535714","158421.61553451102","7300","41760","90000","194686","698579.07"
"751","6733876.89125",47,"143273.97640957448","213756.53504975684","0","20674.64","76000","155380.36","1272000.96"
"731","2182812.165625",19,"114884.85082236842","107739.00883202036","0","54500","62300","178644.2","360000"
"351","31992657.151223756",338,"94652.83180835431","237009.28157260633","0","5431.25","24275","78693","2926716.42"
"195","4924855.842050401",93,"52955.43916183226","94905.79204082185","0","1983.7","20560","64041.57","761541.1875"
"159","3958895.945592041",164,"24139.609424341714","32842.30611000408","80.22","5187.375","12295.43","27844.9","190000"
"485","33677569.63298828",62,"543186.6069836819","2693000.091975797","0","3797.8325","18897.18017578125","199581.3203125","20791636"
"985","107678.7",1,"107678.7","NaN","107678.7","107678.7","107678.7","107678.7","107678.7"
"796","52557543.47507813",267,"196844.73211639747","355798.4893919639","0","56689.720703125","123350","192270.78","4860000"
"302","523858756.5653688",2767,"189323.72842984053","1593309.2712360707","0","5433.8998828125","29402.650390625","99465","53865712.95"
"421","19306888.965546876",285,"67743.47005455045","129883.56649553837","0","2190.27","18899.30078125","82157.9296875","1000000"
"715","108618831.8430078",392,"277088.85674236686","1261009.628407953","0","26209.39697265625","59301","138021.75","17536905"
"149","75000",1,"75000","NaN","75000","75000","75000","75000","75000"
"331","772194169.1423588",15613,"49458.41088467039","173874.9467317772","0","1530","8400","38861.9","7425000"
"719","7871492.822031249",84,"93708.2478813244","150499.61384230768","0","11193.0375","34288.19921875","104106.07","892057.32"
"184","3773355.2114453125",82,"46016.526968845275","60310.00279561955","0","8410.25","26932.5","61740","325188.5"
"803","1458553.6869335938",49,"29766.401774154976","54518.87165877957","910.56","3000","6804","25396.9","258800"
"501","129140754.72738281",705,"183178.37549983378","1637150.3729160472","0","29166.67","65040.65","141495","43227672"
"425","7262010.634807128",124,"58564.601893605875","56275.937941177996","0","16317.327392578125","43444.72","80389.05500000001","315721.0625"
"981","2008613.19046875",13,"154508.7069591346","180732.23017690182","13836","51308.4","63936","179960.34375","689487.125"
"325","34702255.76603027",203,"170947.07273906536","436127.4997725965","0","10825.5","55000","173864.875","4409948"
"223","3344589.4921875",17,"196740.5583639706","166505.0633743556","22500","72000","190530.34375","223696.5","558435"
"146","113120.349609375",2,"56560.1748046875","63582.794553134525","11600.349609375","34080.26220703125","56560.1748046875","79040.08740234375","101520"
"423","168863.5",4,"42215.875","65106.38146958023","637.5","5746.875","14625.5","51094.5","138975"
"429","55286080.00893554",267,"207063.97007091963","496025.6014722477","0","21919.765","69864.47","163709.5","4722420"
"510","1925687.5462500001",16,"120355.47164062501","60853.596445183706","7825","81595.8125","125728.25390625","163181.15","212400"
"921","2142833.51",37,"57914.41918918918","63423.721502709","0","24255","37495","61500","308823.84"
"661","87569470.16269532",313,"279774.6650565346","705306.5131711221","0","62256.16015625","106696","213549.89","7121626.66"
"770","46065247.41397461",85,"541944.0872232307","1063055.8403429778","2160","37260","116304.21","326891.65625","4495248"
"552","12110050.748203125",25,"484402.029928125","1173562.5025487815","800","8330","40000","119236","4358000"
"750","221530",2,"110765","78863.61930573564","55000","82882.5","110765","138647.5","166530"
"221","8815416.028388672",239,"36884.58589283963","62918.03869060094","18.2","3024.165","13505.0302734375","44472.294609375","474087.94"
"800","4415472.02515625",51,"86577.88284620098","84121.12231549797","4632","23039","65182.921875","113392","349770"
"430","762320",5,"152464","101614.60342883793","67150","80480","89400","245540","279750"
"411","66210",2,"33105","3542.6049737446033","30600","31852.5","33105","34357.5","35610"
"244","2614504.8823376466",74,"35331.14705861684","46687.47904214742","120","1299.625","9829.185000000001","55000","198584.09375"
"453","272343799.6962109",875,"311250.0567956696","733911.0513485123","0","66779.16187499999","158021.375","328106.328125","14446957"
"797","431861513.93224615",1181,"365674.44024745654","1073552.9772465809","0","63936","122547.32","245633.59375","20803993.08"
"920","3857673.95625",35,"110219.25589285714","83554.59510329447","150","38632.5","112850","161895","345000"
"196","10333180.426445313",124,"83332.10021326866","85706.13555918625","140","31100.75","63493.349609375","110284.5","519392.15625"
"484","7867664.190649414",43,"182968.93466626544","288517.2492081477","1794.9000244140625","16376.765","97880","187973.1","1468464.24"
"925","7651227.1939062495",43,"177935.51613735463","226661.53526000798","15000","60118.962890625","97000","163045.6015625","988000"
"349","145335686.17816895",957,"151865.92077133642","415535.89983378793","0","16950","45000","125576","4425000"
"486","23252797.379414063",61,"381193.3996625256","853747.5615610093","985.65","52663.4609375","142809.88","253015.40625","5506427.26"
"432","15651448.302656248",133,"117680.06242598683","92237.00855918569","9580","64291.77","84300","145900","516000"
"323","37216675.67723267",397,"93744.77500562384","222482.99033116872","61","10268.6904296875","33600","94480","3086316.87"
"450","329693308.01433593",580,"568436.7379557516","1218361.6808876407","0","127932.955","271528.61","529753.28","19462934.01"
"310","3410375.4963378906",65,"52467.31532827524","64974.73382377665","0","0","25000","91163.19","250000"
"451","505942190.0778516",987,"512606.06897452037","972151.4639713422","0","122113.28515625","247856.53","500414.5625","18860000"
"924","690348",8,"86293.5","83538.09593062488","10800","33255","60900","103800","224280"
"354","1616147.8502343749",13,"124319.06540264422","137144.8201613337","15800","23955.83984375","47867.98","164000","393950"
"182","1958073.715",30,"65269.12383333334","77297.72014921428","209.5","9768.855","50228.5","98024.35","308889"
"761","179307.130625",2,"89653.5653125","87353.60338201084","27885.24","58769.40265625","89653.5653125","120537.72796875","151421.890625"
"346","51369545.01187501",12,"4280795.417656251","14263985.604465166","29172","115458.61828125","159955.573125","212723.625","49574000"
"772","74611076.21894532",570,"130896.62494551811","222309.64559848348","0","33212.5","76660.89499999999","136752.85203125","2425720"
"241","39452170.19283203",147,"268382.1101553199","603111.8860876198","266","32023.595","103822.5","220763.7","5976789.12"
"630","14721129.645",55,"267656.90263636364","860376.8953759224","187","21080.795","97500","160250","6000000"
"324","50577611.98069473",269,"188020.8623817648","352463.3365114047","50.560001373291016","41100","91719.8984375","176570.45","2818361"
"778","296800",1,"296800","NaN","296800","296800","296800","296800","296800"
"155","36139152.35597901",295,"122505.60120670851","544471.577934675","0","5290.775","23550.599609375","84429.52625","5890810.86"
"197","87413.4",2,"43706.7","18584.039001788606","30565.8","37136.25","43706.7","50277.15","56847.6"
"142","16713727.132695314",212,"78838.33553158167","88389.62542868637","0","19196.49","50000","102658.75","600000"
"795","32474712.48546875",113,"287386.8361545907","716522.1573510035","0","66460.28125","120000","198750","6292167.5"
"774","180000",1,"180000","NaN","180000","180000","180000","180000","180000"
"481","50498234.13123047",188,"268607.6283576089","959315.1876971242","0","30704.25","87408.10546875","180852.875","8725406"
"488","32118651.28234375",172,"186736.34466478924","353205.01494434575","0","43653.212499999994","99394.10500000001","180750.4621875","3422850.75"
"154","7675043.710278319",60,"127917.39517130532","374360.13127750024","341","2583.9375","13946.02","40510.6494140625","2449158.08"
"381","5634375.69625",22,"256107.98619318183","589742.6736019921","0","44282.8725","79113.65","212220","2793600"
"030","11231636.93453125",85,"132136.90511213234","374985.48399174487","827","7909.5","17266","58843.1015625","2321744.75"
"445","1974773.556401367",58,"34047.819937954606","57199.953460870966","0","3032.9775512695314","10770.61","40537.013671875","250000"
"386","34641376.29187745",77,"449888.00379061623","2014875.0514915376","626.4199829101562","5313","36990","78365","13447200"
"192","3398839.9992382815",58,"58600.68964203934","169343.16587475376","270","5078.89","13180.64990234375","41804.284999999996","1261640.75"
"804","20985173.03761719",90,"233168.5893068577","777575.2564749335","749.02","30201","81934.55859375","179669.28","7174860"
"163","846918.4998046875",10,"84691.84998046875","87779.4803616814","4637.2998046875","18622.8875","52245.8","128722.5","252750"
"651","11476335.69359375",48,"239090.32694986978","436170.0024710083","0","46598.1494140625","108000","206562.5","2547025.2"
"650","3068855.5700000003",16,"191803.47312500002","332033.31806668086","0","8553.6375","61485.56","174175.29","1267418.03"
"926","11742502.462177735",235,"49968.09558373504","170473.50672108436","-276000","3236.875","9293.3","25521.8857421875","1746378"
"147","464872.1159375",13,"35759.39353365385","33480.290866207324","6860.18","15869.03","25336.68","39797.7109375","134407.796875"
"426","13799367.124375",111,"124318.62274211712","160863.35065508765","0","29349.375","79500","159500","1064082"
"330","27692725.267264407",958,"28906.8113436998","117383.94858833968","0","1203.25","4692.5","13396.5","2469082.25"
"344","16949118.01203125",65,"260755.66172355769","634912.6718606392","9000","40700.46","82500","199757","4331250"
"144","935163.703125",7,"133594.81473214287","52856.06316310598","32400","127466.75","129246","157004.6015625","204575"
"391","57416972.05364258",990,"57996.94146832584","91292.83929170312","0","8547.465","28075.754999999997","78101.875","1078800"
"183","456937.483125",10,"45693.7483125","52087.452448590346","1225.5","13959","17987.5","63375","149859.203125"
"387","5486996.893125",10,"548699.6893125001","878466.0550613941","0","43070.03","99319.6015625","572769.2375","2332000"
"375","38042021.71226562",52,"731577.3406204927","4845673.6130385855","1723.8","18226.5","39055.880859375","101455.265625","35000000"
"180","4057756.9200000004",59,"68775.54101694917","96935.873289943","490","12728","31666","75773.025","430327.21"
"507","74089025.38205567",597,"124102.22007044501","396001.4936664603","0","16064.59","45662.3984375","112215.6015625","6594417"
"427","1042965.89",8,"130370.73625","234387.16524631254","1946","11469","46778.945","87285","692990"
"850","11557854.507915039",93,"124278.00546145203","334258.8607074892","976","34994","59109","117159","2354600.5"
"352","7766428.462714843",83,"93571.42726162462","161757.56214715034","0","7984.8","37150","88000","955900"
"714","-24899468.01359375",90,"-276660.7557065972","1837783.5917119624","-10566000","14765.7425","39425","89415","1134750.96"
"433","12853288.111816406",77,"166925.8196339793","257646.7403729221","5658.93994140625","44500","104678.56","165000","1976000"
"637","10581755.919599608",85,"124491.24611293655","745522.9881469287","0","10394.7998046875","14634","53715.19921875","6888000"
"763","204095.546875",3,"68031.84895833333","38855.72839371231","26200","50550","74900","88947.7734375","102995.546875"
"514","996861.0396875",11,"90623.73088068182","96108.49378734497","14025","19856","44127.4","133394","270000"
"603","26917.77",1,"26917.77","NaN","26917.77","26917.77","26917.77","26917.77","26917.77"
"793","70397179.78699218",405,"173820.19700491897","560401.9749158189","-952500","23750.01","68320","138808.5","8300000"
"397","5886121.477990722",229,"25703.58724013416","51540.524155988176","24","476","4413.72021484375","27725","401064.6"
"228","467036.87",24,"19459.869583333333","48514.31009688418","54","363.125","2045","10229.7","224657.97"
"168","1362212.201640625",15,"90814.14677604167","95248.48677615849","7800","32405.0556640625","67172.2109375","89597.46484375","375600"
"452","10466609438.281954",12493,"837797.9218988196","5252916.728028706","0","124792.8125","251602.79","574917.38","379500000"
"799","90768335.60240233",501,"181174.3225596853","464960.3245155407","0","46495","85000","171439.2","7002831.5"
"454","1122988385.5419238",2968,"378365.35901008215","791995.1715256663","0","63685.6123046875","166044.8540625","377185.164375","12104889.09"
"515","3510978.7693481445",63,"55729.82173568483","136635.35708600056","-151200","804.26","6750","64757.85","938830"
"516","1648141.7378125",15,"109876.11585416667","58570.600714151726","15480","78548.87609375","93639.9609375","148569.82","203223.6"
"980","2876048.6174999997",19,"151370.97986842104","153816.29143718415","6.95","51587.5","88450","225335.09999999998","557250"
"220","3383417.0108105466",43,"78684.11653047783","89414.77632504438","1080","14491.75","49536","112587.7234375","342000"
"166","10946114.6721875",30,"364870.4890729167","994804.9122375286","5300","55650","94278","137571.25","5123871"
"153","27685236.090433046",358,"77333.06170512024","195253.13828979753","25.2","7783.512548828125","22174.175","56178.4501171875","1636336.35"
"434","1339935",5,"267987","209886.4385685745","68500","77435","245000","390000","559000"
"513","797059.06",9,"88562.11777777778","72978.53407242139","9837.11","41040","74900","94913.28","258711.81"
"729","3406953.688046875",39,"87357.78687299679","68326.94258205165","0","37845.3203125","64944.0390625","123549.2265625","288330"
"249","26377785.10540527",326,"80913.45124357445","279155.73040139786","0","5050.5","21038.17","65153.9375","2912230.85"
"186","126118",4,"31529.5","8392.360871649884","19440","29160","34344","36713.5","37990"
"904","163168743.8990625",254,"642396.6295238682","4506844.253577657","0","57870","121919.41500000001","214000","58478073.6"
"906","114249711.54511757",276,"413948.2302359332","1548245.5967507076","0","34254.9375","89999.69921875","205347.191875","18948619.96"
"791","5924113.249335937",73,"81152.23629227311","96288.26034857809","0","23200","46200","99500","475000"
"551","30723909.83066406",185,"166075.1882738598","617189.1650148467","-27618.33","29690.88","65868.6","98808","7141398"
"909","565305997.8241162",2178,"259552.79973559055","718504.913816155","0","29784.5","83990.51999999999","184792.1953125","14280758.21"
"604","365861612.68",27,"13550430.09925926","27552761.582659546","40500","433282.44","5203840","14973225.245","139999590"
"034","7350915.7575585935",92,"79901.25823433253","86531.72529297024","1770","25660","49848.5","98894.384765625","600000"
"315","37433826.59417969",129,"290184.7022804627","1870811.8680734977","0","22500","70000","174750","21254435.21"
"190","370468.1949169922",15,"24697.879661132814","25631.813474353534","436.260009765625","4541.120009765625","19505","29660.63984375","90184.84375"
"600","37203516.82124756",181,"205544.29183009703","1434911.4011499507","0","6982","20081.7","50000","17999998.5"
"722","294701115.3210156",1319,"223427.6840947806","457308.002007922","0","51673.625","108171.5","199870.785","5862414.51"
"350","733308.67125",8,"91663.58390625","91939.41342210525","10606","28140.48","57534.515625","125972","254140"
"500","94612597.91499999",344,"275036.62184593023","687175.0750050821","0","25000","62797.985","190000","6506518.38"
"794","49370284.536874995",378,"130609.21835152115","251668.7695997669","0","38542.159999999996","73950","136736.21250000002","2811900"
"798","52215077.27710943",505,"103396.19262793947","167737.7995346692","0","15096.75","61920","121506","1934667.75"
"167","2756515.59140625",34,"81073.98798253677","35301.74896958168","8400","57521.75","78982.5","96350","155000"
"666","38492000",5,"7698400","4207068.180455363","491500","8111000","8817500","9720000","11352000"
"245","7437438.7375",16,"464839.92109375","563389.1527400549","2371.55","49048.75","144600","900979.703125","1844700"
"640","2462923.0694140624",23,"107083.61171365489","138483.93622822745","3295.35","18032.635000000002","64900.12","121293.88","513342"
"320","12832378.588554688",40,"320809.4647138672","1292488.3583855731","4133","31777.24453125","66464.8203125","140784","8199768"
"300","7224630.601212006",172,"42003.66628611631","123753.65181276473","0","574.3225","6880","30023.94546875","1319938"
"725","207663214.92652345",865,"240073.0808399115","559707.759638893","0","52922","113670","229358.609375","9099279"
"438","421004.0787792969",15,"28066.938585286458","32604.386165496275","189.17","5399.0599365234375","15643","44742.5","116968.96"
"032","10758308.141508484",252,"42691.69897424002","127057.94745626677","24.290000915527344","4867.85","17947.35","35100.7721875","1597333.125"
"773","148946987.71382815",812,"183432.2508790987","443148.6938262408","0","41640.845703125","84578.2884375","162180","5849998.5"
"700","37750",3,"12583.333333333334","19500.02136750966","1300","1325","1350","18225","35100"
"356","1395213.12109375",13,"107324.08623798077","167225.4559884516","1780","18315.19921875","42024","96900","600374.8125"
"340","13803668.157734375",38,"363254.4252035362","761602.7719466927","17737.78","80007.95999999999","103005","276521.85","4425000"
"357","14050466.012031252",38,"369749.10557976976","922837.0549795056","432.75","4041.88","20697.84","252876.75","4942605"
"766","43440",1,"43440","NaN","43440","43440","43440","43440","43440"
"311","40871181.78460938",122,"335009.68675909325","1416929.5245646003","0","0","24973.8","95759.535","13761727"
"384","48827492.92427979",463,"105458.94800060429","215976.59602372863","0","5563.969970703125","35000","114100","1979596"
"601","2067778379.9613724",2699,"766127.595391394","12643547.642041644","-173664","9167.485","23241.5","78582.72","397191013.95"
"353","3146046.92109375",38,"82790.70844983553","75446.10628880805","2220","25738.275097656253","47057","133490","287974.4"
"150","90481750.64509797",936,"96668.53701399355","472519.51716366585","24.38","5928.5625","19054.3447265625","52652.64","9470799.87"
"225","109140.269921875",4,"27285.06748046875","10264.80100955018","14188.669921875","23257.91748046875","27958.6","31985.75","39034.4"
"443","2737256.7297558594",52,"52639.55249530499","71547.18708741022","98.9","11137.41","30000","58397.057499999995","400240"
"339","510415.7496109009",20,"25520.787480545045","31907.07438779891","105.2699966430664","3497","10415.2998046875","39465","126200"
"752","9297898.088242188",84,"110689.26295526414","165823.01077328948","0","29670","67525","132689.8","1288548.625"
"853","3264364.7516406253",35,"93267.56433258929","139541.22938996842","7705.5","36045","70936.5","90000","834802.4375"
"033","8221450.623842774",131,"62759.165067502094","163316.152323678","1156.85","9928.25","22750","59283.625","1317709.75"
"373","1290270.649375",12,"107522.55411458334","194091.3181647234","3450","13064.224999999999","38152.58","88801.105","700000"
"240","2650800.84",56,"47335.72928571428","71988.60945173205","0","346.81","16552.5","67228","387720"
"922","1444811.4859375",18,"80267.30477430555","64037.19315619393","3720","44625","63850","94040.765","220000"
"508","52795985.161596686",288,"183319.3929222107","522584.17021643627","0","28881","70000","156683.921875","6000000"
"188","3133175.076484375",49,"63942.348499681124","109256.7025510918","664.95","9486.2802734375","29918.7","103500","702000"
"642","170600527.155177",882,"193424.6339627857","1359671.517351271","0","10813.1396484375","42131.59","104913.3834375","29999900.4"
"091","565425195.3016504",1511,"374205.9532108871","1742590.98689147","0","42452.44","113498","210000","53185152"
"341","594366916.4855077",2230,"266532.24954507075","1070214.5850536127","0","38455.165","95047.5","181048.5","19260000"
"792","8427480.671367187",136,"61966.76964240579","69574.10533093371","0","12054.8271484375","35400","81855.25","416250"
"389","8122712.619570312",83,"97864.00746470256","228824.50053107925","852","17337.5","32000","65920.33499999999","1354674.25"
"720","146451439.10476562",333,"439794.1114257226","1645376.9043324867","0","53008.2","108000","261769.05","24000000"
"312","5733535.4203222655",33,"173743.4975855232","238756.93910923757","1350.699951171875","20500","81500","199800","988285"
"983","185515118.7798926",552,"336078.11373168946","2255346.777847","-525","28119.0126953125","72995.815","148017.96250000002","36000000"
"517","258213.30046875",4,"64553.3251171875","95055.31643817197","11932.23046875","15862.0576171875","19640.535","68331.80249999999","207000"
"753","74990",1,"74990","NaN","74990","74990","74990","74990","74990"
"710","16413458.222070312",161,"101946.94547869758","150979.31962704592","0","20230.6","53046","123300","1066690.65"
"398","18132331.545366973",710,"25538.49513431968","43007.29009701717","0","2184.6000366210938","8852.2","29686.105","402955.87"
"727","15543443.012187501",32,"485732.5941308594","752669.271325125","5","77335.5","162887.0328125","354429.5","2528251"
"511","8971907.202187499",47,"190891.642599734","406674.0419733161","4560","26930","66050","158042.5","1878248.125"
"446","47837953.41087891",384,"124578.00367416383","296704.425334956","0","22443.92041015625","58715.25","120252.435625","4068400"
"605","105000",1,"105000","NaN","105000","105000","105000","105000","105000"
"317","9514725.545996094",143,"66536.54227969296","95146.92368171837","234","10872.555","22817","74497.91015625","509677.40625"
"775","1399031.941875",4,"349757.98546875","343951.3325014249","152847.42","167889.42140625","190833.7109375","372702.275","864517.1"
"337","36510709.54219955",803,"45467.882368866194","105749.82802119544","0","1244","10716","47799.25","1448534.56"
"723","15885247.29390625",116,"136941.78701643317","195215.2043952071","1139","34440","75000","148527.5","1251456"
"378","1238592.1477343752",20,"61929.60738671876","81025.38622218693","309.65","19622.017578125","24000","70575.88671875","338178.07"
"156","7176788.930772247",44,"163108.8393357329","543202.9725674415","17.450000762939453","1228","15778.40509765625","78803.77","3443460.85"
"653","213824151.4325",187,"1143444.660066845","3609503.6456259913","0","69986.78125","300000","850000","44769420"
"410","87600",1,"87600","NaN","87600","87600","87600","87600","87600"
"343","26715884.026121825",331,"80712.64056230159","136572.3682403703","329.1000061035156","15888.8251953125","38500","85401.51999999999","1200000"
"717","2919509.6868994143",39,"74859.22274101063","90525.46563079975","0","20544","40433.4","88144","407197.58"
"733","1006313.5700000001",7,"143759.08142857143","70955.06219873285","60900.01","79887.1","160300.01","189979.675","245380"
"779","207826.72998046875",8,"25978.341247558594","28568.327899038777","7267.6298828125","9352.400024414062","12387","28515.625","72100"
"031","6169048.808820801",101,"61079.69117644357","217058.54818429064","0","10771.25","30000","54640.3984375","2181781.8"
"655","4941610.66203125",30,"164720.35540104166","203561.66917519408","24642.44921875","71925.90234375","96288.80859375","182313","1024682.375"
"489","60925817.21271485",141,"432097.9944164174","1737702.2833537827","248","18233.61","65450","185360.15625","15717751.2"
"982","6250",1,"6250","NaN","6250","6250","6250","6250","6250"
"370","280904.1100390625",10,"28090.41100390625","42537.37954054407","1383.32","6676.2775","13180.67021484375","16879.91990234375","138048.78"
"440","3064442.2373828124",54,"56748.930321903936","141011.62313574261","0","0","0","49507.8515625","830000"
"907","36708977.7558789",239,"153594.04918777783","721290.4277739287","0","22375","60520","118670.65","10983981"
"385","36978334.004187316",188,"196693.26597971976","587824.9186812466","86.12000274658203","12915.65990234375","59318.270000000004","156094.12890625","5136567"
"703","6287127.359375",10,"628712.7359375","695532.4855776388","30937.5","171248.625","370002","807750","2275000"
"322","14078925.452158203",99,"142211.3682036182","557928.8258516443","0","8965.219843750001","30440","118222.245","5428898.28"
"316","31000275.61",184,"168479.75875","563012.3858501948","79","13007.705","39011.21484375","101245","5962300"
"702","587495.41",16,"36718.463125","44231.386747591154","-1400","575","19499.995000000003","56500","120000"
"093","561226923.4819763",654,"858145.1429388017","1763623.555076397","0","62735.545","200718.53125","790762.76","15696221.16"
"092","18453448.83985962",139,"132758.6247471915","355418.5212789597","0","6429.5","34596.8","72450","2515369.14"
"383","3743718.4218359375",38,"98518.90583778782","158421.78580350112","0","16113.344970703125","36757.275","113475","808000"
"726","35446633.29335938",224,"158243.89863106865","274205.4896193154","2742","36507.705","83185","153975","2007973"
"790","19800602.574756168",119,"166391.61827526192","268174.564695237","0","22854.239999999998","91895","158023.2","1774392.9"
"442","25942786.156699218",235,"110394.83470935837","137499.96251875375","0","31211.5","78260","137830.4765625","1331659.52"
"455","828238",10,"82823.8","49222.34736557957","13750","50497.5","88828","100125","173848"
"701","57009.599609375",11,"5182.690873579545","11528.27630590672","-22040","625","3450","13000","22022.099609375"
"553","268547255.6591406",322,"833997.6883824242","3089527.5223305547","-192000","21713.75","118442.17","288052.5","38954396.16"
"392","122510579.10244697",303,"404325.34357243223","3627038.121661619","0","2772","10473","42250","47941740"
"374","3297318.841278076",101,"32646.72120077303","44383.36575469415","37","2038.67","17248","46830","249989.65"
"152","24421326.44953476",363,"67276.38140367702","243355.8137270063","39.439998626708984","5314.1","15273.25","44726.350000000006","2884800.5"
"764","19852830.84",4,"4963207.71","9273332.684273941","37740","50678.13","477495.42","5390025","18860100"
"448","3393487.46078125",81,"41894.90692322531","40413.89748959515","92.8","15843.3","32916","50000","200000"
"185","4623702.397519531",94,"49188.323377867346","120949.16876737568","513.5","7975","33800","60631.125","1163000"
"777","46000",4,"11500","1000","10000","11500","12000","12000","12000"
"441","80707681.76763183",1022,"78970.33441059866","103097.26083910823","0","19020.55","47169.515","100000","1000000"
"224","9580933.79133789",88,"108874.24762883967","303708.72978379816","0","8562.5","28522.645","74170.5025","1828311.2"
"158","207604961.7454068",1764,"117689.88761077484","733065.1335756032","0","7280","24067.240234375","78801.9375","24531000"
"189","2718870.377136841",55,"49434.00685703347","72334.7978044397","84.16999816894531","6599.8","17400","62016.75","354348"
"424","18892145.047421876",138,"136899.60179291214","289647.6069011045","455","44895","84000","136734.2","3200000"
"390","1750042.653046875",42,"41667.68221540179","66980.93583090094","0","4524.62","17010.75","41380.1725","365616.33"
"504","28226576.32178955",295,"95683.3095653883","257728.23209925235","0","7545.6150488281255","28380","82928.01171875","2368000"
"355","26653796.906389773",154,"173076.60328824527","1596508.2179403328","218.24000549316406","3020.0600244140624","7607.844951171875","22792.330078125","19799400"
"148","51000",1,"51000","NaN","51000","51000","51000","51000","51000"
"665","477009770.44896704",2414,"197601.3962091827","521282.2024864484","0","16998.94970703125","65557.73828125","159803.0375","11738184"
"395","11167461.962015381",244,"45768.286729571235","62003.084551514934","0","6679.7999267578125","24230","65623.75","602723.41"
"555","686139494.3298376",726,"945095.7222174071","3057331.6487093284","0","74551.3125","150304.421875","403768","34091214.86"
"801","10285236.668916015",119,"86430.56024299172","108551.5610868171","0","11970","47294","129212.73828125","598980"
"851","179398832.9017273",1069,"167819.30112416024","513403.56272199744","0","19890","60000","150000","10662606.4"
"143","28133.07",6,"4688.845","5075.283448375076","720","1240.3425","2186.61","7492.5","12853.8"
"226","156000",1,"156000","NaN","156000","156000","156000","156000","156000"
"635","135105663.62913087",671,"201349.7222490773","439792.6132628624","0","25000","94000","199000","4837542"
"721","12527571.659960937",23,"544677.0286939538","1420276.4742891479","4498.7998046875","47339.095703125","73900","235073.6","5235000"
"431","280535",3,"93511.66666666667","145052.7202720905","8750","9767.5","10785","135892.5","261000"
"728","611082.62",6,"101847.10333333333","43265.79381386717","59850","64050","94416.31","142458.155","150000"
"347","47789373.66921875",33,"1448162.8384611742","7451270.06494415","7980","28076","58500","140320","42931608"
"336","369083263.65163225",5786,"63789.01895119811","220533.55600818546","0","1068.614989013672","6381","41943.25","6501000"
"652","15160755.32953125",55,"275650.09690056817","362734.34876209183","0","55968.36578125","141167.78","284464.9175","1613417"
"724","70546793.15718749",123,"573551.1638795731","1552721.3864851757","900","28316.64","69714.7421875","170789.236875","8250000"
"762","422272.5",2,"211136.25","259983.7180058109","27300","119218.125","211136.25","303054.375","394972.5"
"242","3183616.4850000003",18,"176867.58250000002","173077.86605033724","2690.87","47562","97066.4","319273.125","553294.29"
"345","62708430.42796875",35,"1791669.440799107","8856145.321078448","8308","63999.5","90000","137322","52440000"
"505","52164647.03661621",298,"175049.1511295846","756151.4526440405","0","20088.009765625","56290.69","141679","11424530.88"
"487","16169135.685917968",123,"131456.38769039","177498.58816427508","0","32874.5","90260.22","158070.6665625","1413208.125"
"554","2193996.133745117",25,"87759.84534980469","170695.14814308917","0","125","7200","70730.15","612630"
"388","2923864.724609375",20,"146193.23623046876","162535.70415572252","4000","56480.041015625","91705","160795.5","619000"
"923","38879497.81832031",304,"127893.08492868523","877925.6031815045","-48000","19915","42415","92716.25","15166667"
"090","135028249.04164064",88,"1534411.9209277346","3514201.5480364454","0","59545","124802.1","871191","15481542"
"222","4357003.3240625",80,"54462.54155078125","49486.94503471005","290","17811.4375","34012","87499.1","288000"
"713","394435508.4995703",1576,"250276.33788043802","1624943.689809751","0","24581.82","67833.31","148000","51046250"
"145","213990",1,"213990","NaN","213990","213990","213990","213990","213990"
"730","4613228.24625",27,"170860.30541666667","193111.31268734153","18000","78860.3","104445","167317.458125","809605.18"
"602","32800",1,"32800","NaN","32800","32800","32800","32800","32800"
"502","298996776.95746094",248,"1205632.1651510522","6684584.5731077865","0","54125.0025","124691.25","451791.6015625","67957656"
"301","74050990.1780399",1454,"50929.15418022001","340367.23906197835","0","1488.0825","7287.7749609375005","27948.43505859375","10092503"
"482","52659518.22492798",219,"240454.42111839258","1520858.0712492191","224","8317.490234375","49999","145568.41999999998","22160613.82"
"161","3018987.0325195314",49,"61611.98025550064","94824.54010620034","491.15","7000","30372.99","70000","550000"
"550","10453487.13203125",58,"180232.5367591595","257590.30986359247","0","57555.1572265625","110557.5","210000","1680000"
"480","205046916.6374829",626,"327550.9850439024","1125629.8256145176","0","29931.49462890625","85884.42000000001","209559.8","17422193.29"
"559","1654166.569609381",24,"68923.60706705754","179133.4506636939","-3180","0","672","6680.2","730000"
"243","41518992.919629745",209,"198655.46851497487","373022.875622285","0","24384","81252","206058.140625","3432000"
"654","1712877.703125",3,"570959.234375","738317.8522199477","95415.453125","145680.2265625","195945","808731.125","1421517.25"
"852","2043811.5068945312",34,"60112.1031439568","103493.63042369219","0","14247","24966","63532.5","579575"
"358","15841883.195812378",191,"82941.79683671403","137599.93056708438","0","12474.485","39375","90130.5","1033605"
"314","18230601.62054199",61,"298862.3216482293","2044622.6635098238","317.32000732421875","3450","10970.71","44838.85","15999750"
"506","3693670.7778027346",60,"61561.179630045575","108276.02645375002","0","5768.7000732421875","30859.1650390625","66489.5","614880"
"181","39663795.15186767",599,"66216.68639710797","142706.15409902864","0","6453","23000","68880","1504500"
"229","1907874.4052148438",48,"39747.383441975915","50085.08952652483","700","8137.5","20429.5","52324.4719140625","225500"
"420","7508756.940625001",34,"220845.79237132357","332959.2156693391","2295","50875.1","129564.6953125","239500","1575396"
"444","14009178.194350682",211,"66394.20945189896","173525.16521550037","0","3941.8300439453124","20714","65973.005","1780162.63"
"449","2900761.603125",26,"111567.75396634615","90308.68118435428","7600","35846.25","94402.5","177543.75","345000"
"","3607165.636640625",7,"515309.3766629464","1051711.6172997933","24243.9609375","40227.1962890625","63450","284508.64156250004","2870000"
"606","67883468.6671875",20,"3394173.4333593748","6650983.029138317","0","58972.849609375","139682.859375","4714425","24195202"
"732","7972821.25625",68,"117247.37141544117","169937.82738572615","0","32520","59850","113310","707200"
"760","3053593.9184375",16,"190849.61990234375","262761.24984692706","0","12353.5375","104639.19421875","143230","854280"
"771","2895345.5",43,"67333.61627906977","63490.00006673691","7000","20000","60000","77000","249007.5"
"483","10273471.717568358",82,"125286.24045815071","210367.3840228384","947","17165.8125","45043.599609375","114761.125","1116653"
"503","47323710.155039065",352,"134442.35839499734","400266.60415696463","0","22485.35009765625","62241.17","126552.12","5823837.7"
"382","11487870.487109374",39,"294560.7817207532","694047.6520301381","7900","26669.474609375","93354","223327.59","3520000"
"905","606139255.765459",925,"655285.6819086042","2666093.653563369","0","56937.9","149600","335760","47146932.4"
